name,table
AARAV JEFFERSON,9
AARIZ BARTON,8
ABBY BRYAN,3
AILA SMART,5
ALED O'NEILL,6
ALEXANDRIA RICHMOND,9
ALYS O'SULLIVAN,10
AMELIA-MAE AYERS,2
ANIS MAHONEY,2
AUDREY CANTRELL,5
BETHAN REDFERN,8
BLAINE CROSSLEY,4
BRETT READER,3
BRIONY HAYS,4
BRODY JIMENEZ,10
CADEN BUSH,7
CAELAN FLOWERS,5
CAROL WOODCOCK,3
CATHAL KRAMER,10
CONAN MCCALL,5
COURTENEY BARRY,8
DANIKA DAWSON,5
DARIEN KNIGHTS,2
DIONE BENTON,2
DIVINE NOLAN,10
DOMINIK LACEY,9
DREW HARRISON,6
EBONI MARKS,6
ELIANA MATTHEWS,5
ETHAN CHUNG,1
EVELYN BARR,6
FINLAY GUZMAN,9
FINN RATCLIFFE,7
GENE PAYNE,4
HAMAAD BENITEZ,1
HARPER RODGERS,5
HETTIE BLEVINS,3
HUMAIRA HACKETT,10
IGA CARVER,3
IGNACY MAC,1
ISABELL TIERNEY,8
ISOBELLA BLANCHARD,9
IYLAH MCDERMOTT,2
JACKSON ALLEN,4
JAYDEN GREENWOOD,4
JIMMIE GRANT,9
KARINA KEITH,9
KAYDEE NICHOLSON,5
KEALAN FULLER,4
KINGSLEY MICHAEL,10
KIRK BARNETT,7
LIZZIE HAYNES,8
MADELAINE IRWIN,8
MARI BEAN,7
MARNIE WEAVER,10
MARWAH FLOYD,5
MAXINE RODRIGUES,2
MAXWELL OSBORNE,6
MEA WILEY,1
MIAH FORD,4
MILES O'REILLY,3
MILLI BUCHANAN,6
MIYAH WILLS,3
NETTIE WICKS,8
NORA WEBER,2
PHEBE CRUZ,1
PHILIPPA DERRICK,1
PHILLIPPA CULLEN,7
PRECIOUS GILLESPIE,8
REA POVEY,7
REGINA OWENS,7
RIAAN MAXWELL,9
RIAZ BENSON,10
RICCARDO CLEGG,3
ROSA MOYER,10
RYLEE AGUILAR,1
SANTIAGO CHESTER,7
SAQIB JOYNER,9
SHAH DUNCAN,2
SHAMAS ROY,4
SHANELLE HOOVER,8
SHANNON PETERSON,4
SHONA MORRIS,7
SIA FINNEY,1
SOPHIE-LOUISE YODER,4
SUZANNA MCCANN,10
TALHAH DELEON,1
THIERRY MCLAUGHLIN,6
TYLOR MCCAFFREY,3
TYREESE MILLAR,2
TYRIQ DUPONT,1
VEER LANCASTER,9
VELMA BEECH,3
VINCENZO BROOKES,7
VIOLA BLOOM,6
WALLACE ILES,6
XANDER MALONE,8
YVONNE LEONARD,2
ZACHARIAS PADILLA,5
ZIVA TANNER,6
